Book Id,Title,Author,Author l-f,Additional Authors,ISBN,ISBN13,My Rating,Average Rating,Publisher,Binding,Number of Pages,Year Published,Original Publication Year,Date Read,Date Added,Bookshelves,Bookshelves with positions,Exclusive Shelf,My Review,Spoiler,Private Notes,Read Count,Owned Copies
61266463,Clytemnestra,Costanza Casati,"Casati, Costanza",,"=""1728268257""","=""9781728268255""",0,4.22,Sourcebooks Landmark,Kindle Edition,582,2023,2023,2026/03/05,2026/03/05,,,read,,,,1,0
199212560,"A Ruse of Shadows (Lady Sherlock, #8)",Sherry Thomas,"Thomas, Sherry",,"=""0593640438""","=""9780593640432""",0,4.09,Berkley,Paperback,335,2024,2024,2026/02/28,2026/02/26,,,read,,,,1,0
68394012,The Paris Assignment,Rhys Bowen,"Bowen, Rhys",,"=""1662504241""","=""9781662504242""",0,4.32,Lake Union Publishing,Hardcover,383,2023,2023,2025/02/13,2025/02/09,,,read,,,,1,0
201156167,The Rose Arbor,Rhys Bowen,"Bowen, Rhys",,"=""1662504217""","=""9781662504211""",0,4.17,Lake Union Publishing,Hardcover,379,2024,2024,2025/08/14,2025/08/13,,,read,,,,1,0
214333691,Sunrise on the Reaping (The Hunger Games),Suzanne Collins,"Collins, Suzanne",,"=""1546171479""","=""9781546171478""",0,4.50,Scholastic Press,Kindle Edition,400,2025,2025,2026/01/05,2026/01/05,,,read,,,,1,0
13643133,Gone Girl,Gillian Flynn,"Flynn, Gillian",,"=""""","=""""",0,4.15,Phoenix,Kindle Edition,512,2012,2012,2025/08/21,2025/08/21,,,read,,,,1,0
40606102,The Guernsey Literary and Potato Peel Pie Society,Mary Ann Shaffer,"Shaffer, Mary Ann",Annie Barrows,"=""""","=""""",0,4.19,The Dial Press,Kindle Edition,322,2018,2008,2025/05/15,2025/05/15,,,read,,,,1,0
10176670,And Then There Were None,Agatha Christie,"Christie, Agatha",,"=""0061739251""","=""9780061739255""",0,4.27,William Morrow Paperbacks,Kindle Edition,320,2009,1939,2025/05/13,2025/05/13,,,read,,,,1,0
201632576,"A Scandal in Mayfair (Lily Adler Mystery, #5)",Katharine Schellman,"Schellman, Katharine",,"=""1639108416""","=""9781639108411""",0,4.04,Crooked Lane Books,Hardcover,320,2024,2024,2025/02/06,2025/02/04,,,read,,,,1,0
59719158,"Death at the Manor (Lily Adler Mystery, #3)",Katharine Schellman,"Schellman, Katharine",,"=""1639100792""","=""9781639100798""",0,3.80,Crooked Lane Books,Kindle Edition,352,2022,2022,2025/01/28,2025/01/29,,,read,,,,1,0
52106858,"The Body in the Garden (Lily Adler Mystery, #1)",Katharine Schellman,"Schellman, Katharine",,"=""1643853570""","=""9781643853574""",0,3.75,Crooked Lane Books,Kindle Edition,327,2020,2020,2025/01/18,2025/01/29,,,read,,,,1,0
58340731,Wildwood Whispers,Willa Reece,"Reece, Willa",,"=""0316591777""","=""9780316591775""",5,3.98,Redhook,Paperback,400,2022,2021,2024/09/20,2025/01/29,,,read,,,,1,0
31340883,In Farleigh Field,Rhys Bowen,"Bowen, Rhys",,"=""1477818294""","=""9781477818299""",0,4.01,Lake Union Publishing,Hardcover,379,2017,2017,2025/01/04,2025/01/29,,,read,,,,1,0
33931130,"A Conspiracy in Belgravia (Lady Sherlock, #2)",Sherry Thomas,"Thomas, Sherry",,"=""0425281418""","=""9780425281413""",0,4.10,Berkley,Paperback,319,2017,2017,2025/12/31,2025/12/31,,,read,,,,1,0
52702097,Piranesi,Susanna Clarke,"Clarke, Susanna",,"=""""","=""""",0,4.21,Bloomsbury Publishing,Kindle Edition,246,2020,2020,2026/02/24,2026/02/23,,,read,,,,1,0
60588775,A Tempest at Sea (Lady Sherlock #7),Sherry Thomas,"Thomas, Sherry",,"=""0593200608""","=""9780593200605""",0,4.17,Berkley,Paperback,353,2023,2023,2026/02/21,2026/02/16,,,read,,,,1,0
57486214,"Miss Moriarty, I Presume? (Lady Sherlock, #6)",Sherry Thomas,"Thomas, Sherry",,"=""0593200586""","=""9780593200582""",0,4.07,Berkley,Paperback,357,2021,2021,2026/02/13,2026/02/13,,,read,,,,1,0
49655634,"Murder on Cold Street (Lady Sherlock, #5)",Sherry Thomas,"Thomas, Sherry",,"=""0451492498""","=""9780451492494""",0,4.20,Berkley,Paperback,344,2020,2020,2026/02/07,2026/02/06,,,read,,,,1,0
36510437,"The Art of Theft (Lady Sherlock, #4)",Sherry Thomas,"Thomas, Sherry",,"=""0451492471""","=""9780451492470""",0,4.08,Berkley,Paperback,304,2019,2019,2026/01/31,2026/01/31,,,read,,,,1,0
36342330,"The Hollow of Fear (Lady Sherlock, #3)",Sherry Thomas,"Thomas, Sherry",,"=""0425281426""","=""9780425281420""",0,4.22,Berkley,Paperback,329,2018,2018,2026/01/15,2026/01/13,,,read,,,,1,0
28588390,"A Study in Scarlet Women (Lady Sherlock, #1)",Sherry Thomas,"Thomas, Sherry",,"=""042528140X""","=""9780425281406""",0,3.87,Berkley,Paperback,323,2016,2016,2025/12/04,2025/12/04,,,read,,,,1,0
49189730,Frankenstein,Mary Wollstonecraft Shelley,"Shelley, Mary Wollstonecraft",,"=""0593203399""","=""9780593203392""",0,3.91,Puffin Books,Hardcover,263,2020,1818,2025/10/11,2025/10/09,,,read,,,,1,0
57631860,"The Murder of Roger Ackroyd (Hercule Poirot, #4)",Agatha Christie,"Christie, Agatha",,"=""""","=""""",0,4.26,William Morrow Paperbacks,Kindle Edition,256,2009,1926,2025/08/27,2025/08/27,,,read,,,,1,0
18404427,China Dolls,Lisa See,"See, Lisa",,"=""081299289X""","=""9780812992892""",0,3.66,Random House,Hardcover,376,2014,2014,2025/08/09,2025/08/09,,,read,,,,1,0
24472,Peony in Love,Lisa See,"See, Lisa",,"=""140006466X""","=""9781400064663""",0,3.64,Random House,Hardcover,273,2007,2007,2025/07/11,2025/07/11,,,read,,,,1,0
76852,Jonathan Strange & Mr Norrell,Susanna Clarke,"Clarke, Susanna",Portia Rosenberg,"=""1582344167""","=""9781582344164""",0,3.87,Bloomsbury USA,Hardcover,782,2004,2004,2025/06/27,2025/06/04,,,read,,,,1,0
62919732,Lady Tan’s Circle of Women,Lisa See,"See, Lisa",,"=""1982117087""","=""9781982117085""",0,4.35,Scribner,Hardcover,352,2023,2023,2025/05/30,2025/05/27,,,read,,,,1,0
61361515,Happiness for Beginners,Katherine Center,"Center, Katherine",,"=""""","=""""",0,4.03,St. Martin's Griffin,Kindle Edition,322,2022,2015,2025/05/26,2025/05/22,,,read,,,,1,0
227443,"Bridget Jones’s Diary (Bridget Jones, #1)",Helen Fielding,"Fielding, Helen",,"=""014028009X""","=""9780140280098""",0,3.81,Penguin Books,Hardcover,288,1999,1996,2025/03/03,2025/03/03,,,read,,,,1,0
51791252,The Vanishing Half,Brit Bennett,"Bennett, Brit",,"=""0525536299""","=""9780525536291""",0,4.12,Riverhead Books,Hardcover,343,2020,2020,2025/02/27,2025/02/27,,,read,,,,1,0
123280215,The Wildest Sun,Asha Lemmie,"Lemmie, Asha",,"=""0593185722""","=""9780593185728""",5,3.77,Dutton,Hardcover,336,2023,2023,2024/08/20,2025/01/29,,,read,,,,1,0
75257471,"Murder at Midnight (Lily Adler Mystery, #4)",Katharine Schellman,"Schellman, Katharine",,"=""163910433X""","=""9781639104338""",0,3.94,Crooked Lane Books,Kindle Edition,320,2023,2023,2025/01/29,2025/01/29,,,read,,,,1,0
60931,Kindred,Octavia E. Butler,"Butler, Octavia E.",,"=""0807083690""","=""9780807083697""",5,4.31,Beacon Press,Paperback,288,2004,1979,2024/12/31,2025/01/29,,,read,,,,1,0
60568249,Wildwood Magic,Willa Reece,"Reece, Willa",,"=""0316591823""","=""9780316591829""",5,4.10,Redhook,Hardcover,384,2022,,2024/09/14,2025/01/29,,,read,,,,1,0
55723642,"Silence in the Library (Lily Adler Mystery, #2)",Katharine Schellman,"Schellman, Katharine",,"=""1643857045""","=""9781643857046""",0,4.00,Crooked Lane Books,Hardcover,352,2021,2021,2025/01/22,2025/01/29,,,read,,,,1,0
9375,Fried Green Tomatoes at the Whistle Stop Cafe,Fannie Flagg,"Flagg, Fannie",,"=""0375508414""","=""9780375508417""",0,4.28,Random House,Hardcover,416,2002,1987,2024/11/27,2025/01/29,,,read,,,,1,0
629170,Surrender the Pink,Carrie Fisher,"Fisher, Carrie",,"=""0671666401""","=""9780671666408""",0,3.48,Simon & Schuster,Hardcover,288,1990,1990,2024/11/12,2025/01/29,,,read,,,,1,0
59808050,Daisy Darker,Alice Feeney,"Feeney, Alice",,"=""1250843936""","=""9781250843937""",0,3.76,Flatiron Books,Hardcover,352,2022,2022,2024/11/06,2025/01/29,,,read,,,,1,0
42505366,Wilder Girls,Rory Power,"Power, Rory",,"=""0525645586""","=""9780525645580""",0,3.45,Delacorte Press,Hardcover,357,2019,2019,2024/11/01,2025/01/29,,,read,,,,1,0
40538657,The Island of Sea Women,Lisa See,"See, Lisa",,"=""""","=""""",0,4.32,Scribner,Hardcover,374,2019,2019,2024/09/27,2025/01/29,,,read,,,,1,0
58855185,"The Family Remains (The Family Upstairs, #2)",Lisa Jewell,"Jewell, Lisa",,"=""1982178892""","=""9781982178895""",0,3.86,Atria,Hardcover,452,2022,2022,2024/09/11,2025/01/29,,,read,,,,1,0
43822820,"The Family Upstairs (The Family Upstairs, #1)",Lisa Jewell,"Jewell, Lisa",,"=""1501190105""","=""9781501190100""",0,3.95,Atria Books,Hardcover,352,2019,2019,2024/09/09,2025/01/29,,,read,,,,1,0
62334530,None of This Is True,Lisa Jewell,"Jewell, Lisa",,"=""1982179007""","=""9781982179007""",0,4.07,Atria Books,Hardcover,390,2023,2023,2024/09/06,2025/01/29,,,read,,,,1,0
49691870,Fifty Words for Rain,Asha Lemmie,"Lemmie, Asha",,"=""1524746363""","=""9781524746360""",0,3.87,Dutton,Hardcover,449,2020,2020,2024/08/30,2025/01/29,,,read,,,,1,0
